time,store,plan,status,price,detail
2026-10-03 01:57,"Jarir 8/256 White",A,OutOfStock,1419.00,"json-ld"
2026-10-03 01:57,"Sharaf DG 8/256 Black",A,Blocked,,"HTTP 403 / bot protection"
2026-10-03 01:57,"Amazon.ae 8/256 Black",A,Blocked,,"HTTP 200 / bot protection"
2026-10-03 01:57,"noon Supermall 8/256 Black",A,Error,,"TaskCanceledException: The request was canceled due to the configured HttpClient.Timeout of 30 seconds elapsing."
2026-10-03 01:57,"Carrefour 8/256 White",A,Unknown,,"no stock marker found"
2026-10-03 01:57,"MyShops 8/128 Black",B,InStock,,"text"
2026-10-03 01:57,"Sharaf DG 8/128 White",B,Blocked,,"HTTP 403 / bot protection"
2026-10-03 01:57,"Amazon.ae 8/128 Black",B,Blocked,,"HTTP 200 / bot protection"
2026-10-03 01:57,"Engage Stores 8/128 White",B,Blocked,,"HTTP 403 / bot protection"
2026-10-03 01:57,"Carrefour 8/128 Black",B,Unknown,,"no stock marker found"
